DATAFLOW,LAST UPDATE,freq,itm_newa,indic_ag,unit,geo,TIME_PERIOD,OBS_VALUE,OBS_FLAG
ESTAT:AACT_EAA01$DEFAULTVIEW(1.0),09/04/21 23:00:00,A,01000,PROD_BP,MIO_EUR,AT,2011,906.72,
ESTAT:AACT_EAA01$DEFAULTVIEW(1.0),09/04/21 23:00:00,A,01000,PROD_BP,MIO_EUR,AT,2012,1029.21,
ESTAT:AACT_EAA01$DEFAULTVIEW(1.0),09/04/21 23:00:00,A,01000,PROD_BP,MIO_EUR,AT,2013,717.58,
ESTAT:AACT_EAA01$DEFAULTVIEW(1.0),09/04/21 23:00:00,A,01000,PROD_BP,MIO_EUR,AT,2014,769.41,
ESTAT:AACT_EAA01$DEFAULTVIEW(1.0),09/04/21 23:00:00,A,01000,PROD_BP,MIO_EUR,AT,2015,728.38,
ESTAT:AACT_EAA01$DEFAULTVIEW(1.0),09/04/21 23:00:00,A,01000,PROD_BP,MIO_EUR,AT,2016,749.33,
ESTAT:AACT_EAA01$DEFAULTVIEW(1.0),09/04/21 23:00:00,A,01000,PROD_BP,MIO_EUR,AT,2017,754.07,
ESTAT:AACT_EAA01$DEFAULTVIEW(1.0),09/04/21 23:00:00,A,01000,PROD_BP,MIO_EUR,AT,2018,776.49,
ESTAT:AACT_EAA01$DEFAULTVIEW(1.0),09/04/21 23:00:00,A,01000,PROD_BP,MIO_EUR,AT,2019,801.11,
ESTAT:AACT_EAA01$DEFAULTVIEW(1.0),09/04/21 23:00:00,A,01000,PROD_BP,MIO_EUR,AT,2020,884.19,e
ESTAT:AACT_EAA01$DEFAULTVIEW(1.0),09/04/21 23:00:00,A,01000,PROD_BP,MIO_EUR,BE,2011,465.34,
ESTAT:AACT_EAA01$DEFAULTVIEW(1.0),09/04/21 23:00:00,A,01000,PROD_BP,MIO_EUR,BE,2012,606.09,
ESTAT:AACT_EAA01$DEFAULTVIEW(1.0),09/04/21 23:00:00,A,01000,PROD_BP,MIO_EUR,BE,2013,513.17,
ESTAT:AACT_EAA01$DEFAULTVIEW(1.0),09/04/21 23:00:00,A,01000,PROD_BP,MIO_EUR,BE,2014,451.63,
ESTAT:AACT_EAA01$DEFAULTVIEW(1.0),09/04/21 23:00:00,A,01000,PROD_BP,MIO_EUR,BE,2015,453.76,
ESTAT:AACT_EAA01$DEFAULTVIEW(1.0),09/04/21 23:00:00,A,01000,PROD_BP,MIO_EUR,BE,2016,305.91,
ESTAT:AACT_EAA01$DEFAULTVIEW(1.0),09/04/21 23:00:00,A,01000,PROD_BP,MIO_EUR,BE,2017,376.77,
ESTAT:AACT_EAA01$DEFAULTVIEW(1.0),09/04/21 23:00:00,A,01000,PROD_BP,MIO_EUR,BE,2018,417.79,
ESTAT:AACT_EAA01$DEFAULTVIEW(1.0),09/04/21 23:00:00,A,01000,PROD_BP,MIO_EUR,BE,2019,435.90,
ESTAT:AACT_EAA01$DEFAULTVIEW(1.0),09/04/21 23:00:00,A,01000,PROD_BP,MIO_EUR,BE,2020,484.64,e
ESTAT:AACT_EAA01$DEFAULTVIEW(1.0),09/04/21 23:00:00,A,01000,PROD_BP,MIO_EUR,BG,2011,1196.06,
ESTAT:AACT_EAA01$DEFAULTVIEW(1.0),09/04/21 23:00:00,A,01000,PROD_BP,MIO_EUR,BG,2012,1311.49,
ESTAT:AACT_EAA01$DEFAULTVIEW(1.0),09/04/21 23:00:00,A,01000,PROD_BP,MIO_EUR,BG,2013,1258.57,
ESTAT:AACT_EAA01$DEFAULTVIEW(1.0),09/04/21 23:00:00,A,01000,PROD_BP,MIO_EUR,BG,2014,1330.84,
ESTAT:AACT_EAA01$DEFAULTVIEW(1.0),09/04/21 23:00:00,A,01000,PROD_BP,MIO_EUR,BG,2015,1228.73,
ESTAT:AACT_EAA01$DEFAULTVIEW(1.0),09/04/21 23:00:00,A,01000,PROD_BP,MIO_EUR,BG,2016,1199.37,
ESTAT:AACT_EAA01$DEFAULTVIEW(1.0),09/04/21 23:00:00,A,01000,PROD_BP,MIO_EUR,BG,2017,1246.43,
ESTAT:AACT_EAA01$DEFAULTVIEW(1.0),09/04/21 23:00:00,A,01000,PROD_BP,MIO_EUR,BG,2018,1443.72,
ESTAT:AACT_EAA01$DEFAULTVIEW(1.0),09/04/21 23:00:00,A,01000,PROD_BP,MIO_EUR,BG,2019,1499.80,
ESTAT:AACT_EAA01$DEFAULTVIEW(1.0),09/04/21 23:00:00,A,01000,PROD_BP,MIO_EUR,BG,2020,1253.52,e
ESTAT:AACT_EAA01$DEFAULTVIEW(1.0),09/04/21 23:00:00,A,01000,PROD_BP,MIO_EUR,CH,2011,314.30,
ESTAT:AACT_EAA01$DEFAULTVIEW(1.0),09/04/21 23:00:00,A,01000,PROD_BP,MIO_EUR,CH,2012,308.64,
ESTAT:AACT_EAA01$DEFAULTVIEW(1.0),09/04/21 23:00:00,A,01000,PROD_BP,MIO_EUR,CH,2013,279.29,
ESTAT:AACT_EAA01$DEFAULTVIEW(1.0),09/04/21 23:00:00,A,01000,PROD_BP,MIO_EUR,CH,2014,303.51,
ESTAT:AACT_EAA01$DEFAULTVIEW(1.0),09/04/21 23:00:00,A,01000,PROD_BP,MIO_EUR,CH,2015,347.50,
ESTAT:AACT_EAA01$DEFAULTVIEW(1.0),09/04/21 23:00:00,A,01000,PROD_BP,MIO_EUR,CH,2016,276.16,
ESTAT:AACT_EAA01$DEFAULTVIEW(1.0),09/04/21 23:00:00,A,01000,PROD_BP,MIO_EUR,CH,2017,341.44,
ESTAT:AACT_EAA01$DEFAULTVIEW(1.0),09/04/21 23:00:00,A,01000,PROD_BP,MIO_EUR,CH,2018,298.10,
ESTAT:AACT_EAA01$DEFAULTVIEW(1.0),09/04/21 23:00:00,A,01000,PROD_BP,MIO_EUR,CH,2019,339.63,
ESTAT:AACT_EAA01$DEFAULTVIEW(1.0),09/04/21 23:00:00,A,01000,PROD_BP,MIO_EUR,CH,2020,364.88,e
ESTAT:AACT_EAA01$DEFAULTVIEW(1.0),09/04/21 23:00:00,A,01000,PROD_BP,MIO_EUR,CY,2011,10.01,
ESTAT:AACT_EAA01$DEFAULTVIEW(1.0),09/04/21 23:00:00,A,01000,PROD_BP,MIO_EUR,CY,2012,10.71,
ESTAT:AACT_EAA01$DEFAULTVIEW(1.0),09/04/21 23:00:00,A,01000,PROD_BP,MIO_EUR,CY,2013,12.52,
ESTAT:AACT_EAA01$DEFAULTVIEW(1.0),09/04/21 23:00:00,A,01000,PROD_BP,MIO_EUR,CY,2014,1.83,
ESTAT:AACT_EAA01$DEFAULTVIEW(1.0),09/04/21 23:00:00,A,01000,PROD_BP,MIO_EUR,CY,2015,18.65,
ESTAT:AACT_EAA01$DEFAULTVIEW(1.0),09/04/21 23:00:00,A,01000,PROD_BP,MIO_EUR,CY,2016,3.20,
ESTAT:AACT_EAA01$DEFAULTVIEW(1.0),09/04/21 23:00:00,A,01000,PROD_BP,MIO_EUR,CY,2017,7.18,
ESTAT:AACT_EAA01$DEFAULTVIEW(1.0),09/04/21 23:00:00,A,01000,PROD_BP,MIO_EUR,CY,2018,5.84,
ESTAT:AACT_EAA01$DEFAULTVIEW(1.0),09/04/21 23:00:00,A,01000,PROD_BP,MIO_EUR,CY,2019,11.94,
ESTAT:AACT_EAA01$DEFAULTVIEW(1.0),09/04/21 23:00:00,A,01000,PROD_BP,MIO_EUR,CY,2020,13.43,e
ESTAT:AACT_EAA01$DEFAULTVIEW(1.0),09/04/21 23:00:00,A,01000,PROD_BP,MIO_EUR,CZ,2011,1329.91,
ESTAT:AACT_EAA01$DEFAULTVIEW(1.0),09/04/21 23:00:00,A,01000,PROD_BP,MIO_EUR,CZ,2012,1286.80,
ESTAT:AACT_EAA01$DEFAULTVIEW(1.0),09/04/21 23:00:00,A,01000,PROD_BP,MIO_EUR,CZ,2013,1252.84,
ESTAT:AACT_EAA01$DEFAULTVIEW(1.0),09/04/21 23:00:00,A,01000,PROD_BP,MIO_EUR,CZ,2014,1233.46,
ESTAT:AACT_EAA01$DEFAULTVIEW(1.0),09/04/21 23:00:00,A,01000,PROD_BP,MIO_EUR,CZ,2015,1207.39,
ESTAT:AACT_EAA01$DEFAULTVIEW(1.0),09/04/21 23:00:00,A,01000,PROD_BP,MIO_EUR,CZ,2016,1158.70,
ESTAT:AACT_EAA01$DEFAULTVIEW(1.0),09/04/21 23:00:00,A,01000,PROD_BP,MIO_EUR,CZ,2017,1085.51,
ESTAT:AACT_EAA01$DEFAULTVIEW(1.0),09/04/21 23:00:00,A,01000,PROD_BP,MIO_EUR,CZ,2018,1180.00,
ESTAT:AACT_EAA01$DEFAULTVIEW(1.0),09/04/21 23:00:00,A,01000,PROD_BP,MIO_EUR,CZ,2019,1219.29,
ESTAT:AACT_EAA01$DEFAULTVIEW(1.0),09/04/21 23:00:00,A,01000,PROD_BP,MIO_EUR,CZ,2020,1225.99,e
ESTAT:AACT_EAA01$DEFAULTVIEW(1.0),09/04/21 23:00:00,A,01000,PROD_BP,MIO_EUR,DE,2011,7908.93,
ESTAT:AACT_EAA01$DEFAULTVIEW(1.0),09/04/21 23:00:00,A,01000,PROD_BP,MIO_EUR,DE,2012,8239.27,
ESTAT:AACT_EAA01$DEFAULTVIEW(1.0),09/04/21 23:00:00,A,01000,PROD_BP,MIO_EUR,DE,2013,8685.59,
ESTAT:AACT_EAA01$DEFAULTVIEW(1.0),09/04/21 23:00:00,A,01000,PROD_BP,MIO_EUR,DE,2014,7652.19,
ESTAT:AACT_EAA01$DEFAULTVIEW(1.0),09/04/21 23:00:00,A,01000,PROD_BP,MIO_EUR,DE,2015,7087.47,
ESTAT:AACT_EAA01$DEFAULTVIEW(1.0),09/04/21 23:00:00,A,01000,PROD_BP,MIO_EUR,DE,2016,5659.29,
ESTAT:AACT_EAA01$DEFAULTVIEW(1.0),09/04/21 23:00:00,A,01000,PROD_BP,MIO_EUR,DE,2017,6664.60,
ESTAT:AACT_EAA01$DEFAULTVIEW(1.0),09/04/21 23:00:00,A,01000,PROD_BP,MIO_EUR,DE,2018,5567.63,
ESTAT:AACT_EAA01$DEFAULTVIEW(1.0),09/04/21 23:00:00,A,01000,PROD_BP,MIO_EUR,DE,2019,7167.32,
ESTAT:AACT_EAA01$DEFAULTVIEW(1.0),09/04/21 23:00:00,A,01000,PROD_BP,MIO_EUR,DE,2020,7050.78,e
ESTAT:AACT_EAA01$DEFAULTVIEW(1.0),09/04/21 23:00:00,A,01000,PROD_BP,MIO_EUR,DK,2011,1695.62,
ESTAT:AACT_EAA01$DEFAULTVIEW(1.0),09/04/21 23:00:00,A,01000,PROD_BP,MIO_EUR,DK,2012,1949.76,
ESTAT:AACT_EAA01$DEFAULTVIEW(1.0),09/04/21 23:00:00,A,01000,PROD_BP,MIO_EUR,DK,2013,1302.19,
ESTAT:AACT_EAA01$DEFAULTVIEW(1.0),09/04/21 23:00:00,A,01000,PROD_BP,MIO_EUR,DK,2014,1357.07,
ESTAT:AACT_EAA01$DEFAULTVIEW(1.0),09/04/21 23:00:00,A,01000,PROD_BP,MIO_EUR,DK,2015,1629.77,
ESTAT:AACT_EAA01$DEFAULTVIEW(1.0),09/04/21 23:00:00,A,01000,PROD_BP,MIO_EUR,DK,2016,1129.68,
ESTAT:AACT_EAA01$DEFAULTVIEW(1.0),09/04/21 23:00:00,A,01000,PROD_BP,MIO_EUR,DK,2017,1358.64,
ESTAT:AACT_EAA01$DEFAULTVIEW(1.0),09/04/21 23:00:00,A,01000,PROD_BP,MIO_EUR,DK,2018,1327.51,
ESTAT:AACT_EAA01$DEFAULTVIEW(1.0),09/04/21 23:00:00,A,01000,PROD_BP,MIO_EUR,DK,2019,1301.14,
ESTAT:AACT_EAA01$DEFAULTVIEW(1.0),09/04/21 23:00:00,A,01000,PROD_BP,MIO_EUR,DK,2020,1182.25,e
ESTAT:AACT_EAA01$DEFAULTVIEW(1.0),09/04/21 23:00:00,A,01000,PROD_BP,MIO_EUR,EA11,2011,32576.97,
ESTAT:AACT_EAA01$DEFAULTVIEW(1.0),09/04/21 23:00:00,A,01000,PROD_BP,MIO_EUR,EA11,2012,35219.07,
ESTAT:AACT_EAA01$DEFAULTVIEW(1.0),09/04/21 23:00:00,A,01000,PROD_BP,MIO_EUR,EA11,2013,32547.17,
ESTAT:AACT_EAA01$DEFAULTVIEW(1.0),09/04/21 23:00:00,A,01000,PROD_BP,MIO_EUR,EA11,2014,29773.57,
ESTAT:AACT_EAA01$DEFAULTVIEW(1.0),09/04/21 23:00:00,A,01000,PROD_BP,MIO_EUR,EA11,2015,28842.56,
ESTAT:AACT_EAA01$DEFAULTVIEW(1.0),09/04/21 23:00:00,A,01000,PROD_BP,MIO_EUR,EA11,2016,23877.50,
ESTAT:AACT_EAA01$DEFAULTVIEW(1.0),09/04/21 23:00:00,A,01000,PROD_BP,MIO_EUR,EA11,2017,25416.25,
ESTAT:AACT_EAA01$DEFAULTVIEW(1.0),09/04/21 23:00:00,A,01000,PROD_BP,MIO_EUR,EA11,2018,26959.26,
ESTAT:AACT_EAA01$DEFAULTVIEW(1.0),09/04/21 23:00:00,A,01000,PROD_BP,MIO_EUR,EA11,2019,28125.47,
ESTAT:AACT_EAA01$DEFAULTVIEW(1.0),09/04/21 23:00:00,A,01000,PROD_BP,MIO_EUR,EA11,2020,27871.63,e
ESTAT:AACT_EAA01$DEFAULTVIEW(1.0),09/04/21 23:00:00,A,01000,PROD_BP,MIO_EUR,EA12,2011,33647.36,
ESTAT:AACT_EAA01$DEFAULTVIEW(1.0),09/04/21 23:00:00,A,01000,PROD_BP,MIO_EUR,EA12,2012,36312.90,
ESTAT:AACT_EAA01$DEFAULTVIEW(1.0),09/04/21 23:00:00,A,01000,PROD_BP,MIO_EUR,EA12,2013,33503.23,
ESTAT:AACT_EAA01$DEFAULTVIEW(1.0),09/04/21 23:00:00,A,01000,PROD_BP,MIO_EUR,EA12,2014,30647.63,
ESTAT:AACT_EAA01$DEFAULTVIEW(1.0),09/04/21 23:00:00,A,01000,PROD_BP,MIO_EUR,EA12,2015,29707.58,
ESTAT:AACT_EAA01$DEFAULTVIEW(1.0),09/04/21 23:00:00,A,01000,PROD_BP,MIO_EUR,EA12,2016,24663.06,
ESTAT:AACT_EAA01$DEFAULTVIEW(1.0),09/04/21 23:00:00,A,01000,PROD_BP,MIO_EUR,EA12,2017,26141.21,
ESTAT:AACT_EAA01$DEFAULTVIEW(1.0),09/04/21 23:00:00,A,01000,PROD_BP,MIO_EUR,EA12,2018,27627.27,
ESTAT:AACT_EAA01$DEFAULTVIEW(1.0),09/04/21 23:00:00,A,01000,PROD_BP,MIO_EUR,EA12,2019,28829.60,
ESTAT:AACT_EAA01$DEFAULTVIEW(1.0),09/04/21 23:00:00,A,01000,PROD_BP,MIO_EUR,EA12,2020,28602.89,e
ESTAT:AACT_EAA01$DEFAULTVIEW(1.0),09/04/21 23:00:00,A,01000,PROD_BP,MIO_EUR,EA16,2011,34343.48,
ESTAT:AACT_EAA01$DEFAULTVIEW(1.0),09/04/21 23:00:00,A,01000,PROD_BP,MIO_EUR,EA16,2012,37026.76,
ESTAT:AACT_EAA01$DEFAULTVIEW(1.0),09/04/21 23:00:00,A,01000,PROD_BP,MIO_EUR,EA16,2013,34161.06,
ESTAT:AACT_EAA01$DEFAULTVIEW(1.0),09/04/21 23:00:00,A,01000,PROD_BP,MIO_EUR,EA16,2014,31355.26,
ESTAT:AACT_EAA01$DEFAULTVIEW(1.0),09/04/21 23:00:00,A,01000,PROD_BP,MIO_EUR,EA16,2015,30381.95,
ESTAT:AACT_EAA01$DEFAULTVIEW(1.0),09/04/21 23:00:00,A,01000,PROD_BP,MIO_EUR,EA16,2016,25367.42,
ESTAT:AACT_EAA01$DEFAULTVIEW(1.0),09/04/21 23:00:00,A,01000,PROD_BP,MIO_EUR,EA16,2017,26674.47,
ESTAT:AACT_EAA01$DEFAULTVIEW(1.0),09/04/21 23:00:00,A,01000,PROD_BP,MIO_EUR,EA16,2018,28294.54,
ESTAT:AACT_EAA01$DEFAULTVIEW(1.0),09/04/21 23:00:00,A,01000,PROD_BP,MIO_EUR,EA16,2019,29509.35,
ESTAT:AACT_EAA01$DEFAULTVIEW(1.0),09/04/21 23:00:00,A,01000,PROD_BP,MIO_EUR,EA16,2020,29325.91,e
ESTAT:AACT_EAA01$DEFAULTVIEW(1.0),09/04/21 23:00:00,A,01000,PROD_BP,MIO_EUR,EA19,2011,35390.60,
ESTAT:AACT_EAA01$DEFAULTVIEW(1.0),09/04/21 23:00:00,A,01000,PROD_BP,MIO_EUR,EA19,2012,38654.02,
ESTAT:AACT_EAA01$DEFAULTVIEW(1.0),09/04/21 23:00:00,A,01000,PROD_BP,MIO_EUR,EA19,2013,35507.10,
ESTAT:AACT_EAA01$DEFAULTVIEW(1.0),09/04/21 23:00:00,A,01000,PROD_BP,MIO_EUR,EA19,2014,32704.93,
ESTAT:AACT_EAA01$DEFAULTVIEW(1.0),09/04/21 23:00:00,A,01000,PROD_BP,MIO_EUR,EA19,2015,32060.96,
ESTAT:AACT_EAA01$DEFAULTVIEW(1.0),09/04/21 23:00:00,A,01000,PROD_BP,MIO_EUR,EA19,2016,26649.95,
ESTAT:AACT_EAA01$DEFAULTVIEW(1.0),09/04/21 23:00:00,A,01000,PROD_BP,MIO_EUR,EA19,2017,28108.53,
ESTAT:AACT_EAA01$DEFAULTVIEW(1.0),09/04/21 23:00:00,A,01000,PROD_BP,MIO_EUR,EA19,2018,29610.13,
ESTAT:AACT_EAA01$DEFAULTVIEW(1.0),09/04/21 23:00:00,A,01000,PROD_BP,MIO_EUR,EA19,2019,31202.65,
ESTAT:AACT_EAA01$DEFAULTVIEW(1.0),09/04/21 23:00:00,A,01000,PROD_BP,MIO_EUR,EA19,2020,31340.97,e
ESTAT:AACT_EAA01$DEFAULTVIEW(1.0),09/04/21 23:00:00,A,01000,PROD_BP,MIO_EUR,EE,2011,125.76,
ESTAT:AACT_EAA01$DEFAULTVIEW(1.0),09/04/21 23:00:00,A,01000,PROD_BP,MIO_EUR,EE,2012,208.32,
ESTAT:AACT_EAA01$DEFAULTVIEW(1.0),09/04/21 23:00:00,A,01000,PROD_BP,MIO_EUR,EE,2013,146.18,
ESTAT:AACT_EAA01$DEFAULTVIEW(1.0),09/04/21 23:00:00,A,01000,PROD_BP,MIO_EUR,EE,2014,175.88,
ESTAT:AACT_EAA01$DEFAULTVIEW(1.0),09/04/21 23:00:00,A,01000,PROD_BP,MIO_EUR,EE,2015,211.29,
ESTAT:AACT_EAA01$DEFAULTVIEW(1.0),09/04/21 23:00:00,A,01000,PROD_BP,MIO_EUR,EE,2016,111.69,
ESTAT:AACT_EAA01$DEFAULTVIEW(1.0),09/04/21 23:00:00,A,01000,PROD_BP,MIO_EUR,EE,2017,175.90,
ESTAT:AACT_EAA01$DEFAULTVIEW(1.0),09/04/21 23:00:00,A,01000,PROD_BP,MIO_EUR,EE,2018,149.05,
ESTAT:AACT_EAA01$DEFAULTVIEW(1.0),09/04/21 23:00:00,A,01000,PROD_BP,MIO_EUR,EE,2019,222.01,
ESTAT:AACT_EAA01$DEFAULTVIEW(1.0),09/04/21 23:00:00,A,01000,PROD_BP,MIO_EUR,EE,2020,229.72,e
ESTAT:AACT_EAA01$DEFAULTVIEW(1.0),09/04/21 23:00:00,A,01000,PROD_BP,MIO_EUR,EL,2011,1070.39,
ESTAT:AACT_EAA01$DEFAULTVIEW(1.0),09/04/21 23:00:00,A,01000,PROD_BP,MIO_EUR,EL,2012,1093.83,
ESTAT:AACT_EAA01$DEFAULTVIEW(1.0),09/04/21 23:00:00,A,01000,PROD_BP,MIO_EUR,EL,2013,956.06,
ESTAT:AACT_EAA01$DEFAULTVIEW(1.0),09/04/21 23:00:00,A,01000,PROD_BP,MIO_EUR,EL,2014,874.06,
ESTAT:AACT_EAA01$DEFAULTVIEW(1.0),09/04/21 23:00:00,A,01000,PROD_BP,MIO_EUR,EL,2015,865.02,
ESTAT:AACT_EAA01$DEFAULTVIEW(1.0),09/04/21 23:00:00,A,01000,PROD_BP,MIO_EUR,EL,2016,785.56,
ESTAT:AACT_EAA01$DEFAULTVIEW(1.0),09/04/21 23:00:00,A,01000,PROD_BP,MIO_EUR,EL,2017,724.96,
ESTAT:AACT_EAA01$DEFAULTVIEW(1.0),09/04/21 23:00:00,A,01000,PROD_BP,MIO_EUR,EL,2018,668.01,
ESTAT:AACT_EAA01$DEFAULTVIEW(1.0),09/04/21 23:00:00,A,01000,PROD_BP,MIO_EUR,EL,2019,704.13,
ESTAT:AACT_EAA01$DEFAULTVIEW(1.0),09/04/21 23:00:00,A,01000,PROD_BP,MIO_EUR,EL,2020,731.26,e
ESTAT:AACT_EAA01$DEFAULTVIEW(1.0),09/04/21 23:00:00,A,01000,PROD_BP,MIO_EUR,ES,2011,4449.25,
ESTAT:AACT_EAA01$DEFAULTVIEW(1.0),09/04/21 23:00:00,A,01000,PROD_BP,MIO_EUR,ES,2012,4011.10,
ESTAT:AACT_EAA01$DEFAULTVIEW(1.0),09/04/21 23:00:00,A,01000,PROD_BP,MIO_EUR,ES,2013,4421.59,
ESTAT:AACT_EAA01$DEFAULTVIEW(1.0),09/04/21 23:00:00,A,01000,PROD_BP,MIO_EUR,ES,2014,3586.85,
ESTAT:AACT_EAA01$DEFAULTVIEW(1.0),09/04/21 23:00:00,A,01000,PROD_BP,MIO_EUR,ES,2015,3607.41,
ESTAT:AACT_EAA01$DEFAULTVIEW(1.0),09/04/21 23:00:00,A,01000,PROD_BP,MIO_EUR,ES,2016,3841.08,
ESTAT:AACT_EAA01$DEFAULTVIEW(1.0),09/04/21 23:00:00,A,01000,PROD_BP,MIO_EUR,ES,2017,2966.52,
ESTAT:AACT_EAA01$DEFAULTVIEW(1.0),09/04/21 23:00:00,A,01000,PROD_BP,MIO_EUR,ES,2018,4342.57,
ESTAT:AACT_EAA01$DEFAULTVIEW(1.0),09/04/21 23:00:00,A,01000,PROD_BP,MIO_EUR,ES,2019,3643.10,
ESTAT:AACT_EAA01$DEFAULTVIEW(1.0),09/04/21 23:00:00,A,01000,PROD_BP,MIO_EUR,ES,2020,4696.37,e
ESTAT:AACT_EAA01$DEFAULTVIEW(1.0),09/04/21 23:00:00,A,01000,PROD_BP,MIO_EUR,EU15,2011,39856.78,
ESTAT:AACT_EAA01$DEFAULTVIEW(1.0),09/04/21 23:00:00,A,01000,PROD_BP,MIO_EUR,EU15,2012,43181.60,
ESTAT:AACT_EAA01$DEFAULTVIEW(1.0),09/04/21 23:00:00,A,01000,PROD_BP,MIO_EUR,EU15,2013,39525.53,
ESTAT:AACT_EAA01$DEFAULTVIEW(1.0),09/04/21 23:00:00,A,01000,PROD_BP,MIO_EUR,EU15,2014,37071.13,
ESTAT:AACT_EAA01$DEFAULTVIEW(1.0),09/04/21 23:00:00,A,01000,PROD_BP,MIO_EUR,EU15,2015,36023.27,
ESTAT:AACT_EAA01$DEFAULTVIEW(1.0),09/04/21 23:00:00,A,01000,PROD_BP,MIO_EUR,EU15,2016,29530.16,
ESTAT:AACT_EAA01$DEFAULTVIEW(1.0),09/04/21 23:00:00,A,01000,PROD_BP,MIO_EUR,EU15,2017,31779.88,
ESTAT:AACT_EAA01$DEFAULTVIEW(1.0),09/04/21 23:00:00,A,01000,PROD_BP,MIO_EUR,EU15,2018,33207.25,
ESTAT:AACT_EAA01$DEFAULTVIEW(1.0),09/04/21 23:00:00,A,01000,PROD_BP,MIO_EUR,EU15,2019,35084.01,
ESTAT:AACT_EAA01$DEFAULTVIEW(1.0),09/04/21 23:00:00,A,01000,PROD_BP,MIO_EUR,EU15,2020,33792.59,e
ESTAT:AACT_EAA01$DEFAULTVIEW(1.0),09/04/21 23:00:00,A,01000,PROD_BP,MIO_EUR,EU25,2011,50035.47,
ESTAT:AACT_EAA01$DEFAULTVIEW(1.0),09/04/21 23:00:00,A,01000,PROD_BP,MIO_EUR,EU25,2012,53985.99,
ESTAT:AACT_EAA01$DEFAULTVIEW(1.0),09/04/21 23:00:00,A,01000,PROD_BP,MIO_EUR,EU25,2013,49394.01,
ESTAT:AACT_EAA01$DEFAULTVIEW(1.0),09/04/21 23:00:00,A,01000,PROD_BP,MIO_EUR,EU25,2014,46844.79,
ESTAT:AACT_EAA01$DEFAULTVIEW(1.0),09/04/21 23:00:00,A,01000,PROD_BP,MIO_EUR,EU25,2015,45196.77,
ESTAT:AACT_EAA01$DEFAULTVIEW(1.0),09/04/21 23:00:00,A,01000,PROD_BP,MIO_EUR,EU25,2016,38430.19,
ESTAT:AACT_EAA01$DEFAULTVIEW(1.0),09/04/21 23:00:00,A,01000,PROD_BP,MIO_EUR,EU25,2017,40862.57,
ESTAT:AACT_EAA01$DEFAULTVIEW(1.0),09/04/21 23:00:00,A,01000,PROD_BP,MIO_EUR,EU25,2018,42268.76,
ESTAT:AACT_EAA01$DEFAULTVIEW(1.0),09/04/21 23:00:00,A,01000,PROD_BP,MIO_EUR,EU25,2019,44936.42,
ESTAT:AACT_EAA01$DEFAULTVIEW(1.0),09/04/21 23:00:00,A,01000,PROD_BP,MIO_EUR,EU25,2020,44460.26,e
ESTAT:AACT_EAA01$DEFAULTVIEW(1.0),09/04/21 23:00:00,A,01000,PROD_BP,MIO_EUR,EU27_2007,2011,55886.73,
ESTAT:AACT_EAA01$DEFAULTVIEW(1.0),09/04/21 23:00:00,A,01000,PROD_BP,MIO_EUR,EU27_2007,2012,58104.58,
ESTAT:AACT_EAA01$DEFAULTVIEW(1.0),09/04/21 23:00:00,A,01000,PROD_BP,MIO_EUR,EU27_2007,2013,55153.47,
ESTAT:AACT_EAA01$DEFAULTVIEW(1.0),09/04/21 23:00:00,A,01000,PROD_BP,MIO_EUR,EU27_2007,2014,52028.49,
ESTAT:AACT_EAA01$DEFAULTVIEW(1.0),09/04/21 23:00:00,A,01000,PROD_BP,MIO_EUR,EU27_2007,2015,49741.84,
ESTAT:AACT_EAA01$DEFAULTVIEW(1.0),09/04/21 23:00:00,A,01000,PROD_BP,MIO_EUR,EU27_2007,2016,43078.03,
ESTAT:AACT_EAA01$DEFAULTVIEW(1.0),09/04/21 23:00:00,A,01000,PROD_BP,MIO_EUR,EU27_2007,2017,46163.52,
ESTAT:AACT_EAA01$DEFAULTVIEW(1.0),09/04/21 23:00:00,A,01000,PROD_BP,MIO_EUR,EU27_2007,2018,48589.93,
ESTAT:AACT_EAA01$DEFAULTVIEW(1.0),09/04/21 23:00:00,A,01000,PROD_BP,MIO_EUR,EU27_2007,2019,51200.90,
ESTAT:AACT_EAA01$DEFAULTVIEW(1.0),09/04/21 23:00:00,A,01000,PROD_BP,MIO_EUR,EU27_2007,2020,48921.22,e
ESTAT:AACT_EAA01$DEFAULTVIEW(1.0),09/04/21 23:00:00,A,01000,PROD_BP,MIO_EUR,EU27_2020,2011,52790.91,
ESTAT:AACT_EAA01$DEFAULTVIEW(1.0),09/04/21 23:00:00,A,01000,PROD_BP,MIO_EUR,EU27_2020,2012,54811.20,
ESTAT:AACT_EAA01$DEFAULTVIEW(1.0),09/04/21 23:00:00,A,01000,PROD_BP,MIO_EUR,EU27_2020,2013,51639.75,
ESTAT:AACT_EAA01$DEFAULTVIEW(1.0),09/04/21 23:00:00,A,01000,PROD_BP,MIO_EUR,EU27_2020,2014,48138.63,
ESTAT:AACT_EAA01$DEFAULTVIEW(1.0),09/04/21 23:00:00,A,01000,PROD_BP,MIO_EUR,EU27_2020,2015,46127.30,
ESTAT:AACT_EAA01$DEFAULTVIEW(1.0),09/04/21 23:00:00,A,01000,PROD_BP,MIO_EUR,EU27_2020,2016,40401.46,
ESTAT:AACT_EAA01$DEFAULTVIEW(1.0),09/04/21 23:00:00,A,01000,PROD_BP,MIO_EUR,EU27_2020,2017,42962.70,
ESTAT:AACT_EAA01$DEFAULTVIEW(1.0),09/04/21 23:00:00,A,01000,PROD_BP,MIO_EUR,EU27_2020,2018,45313.67,
ESTAT:AACT_EAA01$DEFAULTVIEW(1.0),09/04/21 23:00:00,A,01000,PROD_BP,MIO_EUR,EU27_2020,2019,47416.43,
ESTAT:AACT_EAA01$DEFAULTVIEW(1.0),09/04/21 23:00:00,A,01000,PROD_BP,MIO_EUR,EU27_2020,2020,46141.78,e
ESTAT:AACT_EAA01$DEFAULTVIEW(1.0),09/04/21 23:00:00,A,01000,PROD_BP,MIO_EUR,EU28,2011,56512.73,
ESTAT:AACT_EAA01$DEFAULTVIEW(1.0),09/04/21 23:00:00,A,01000,PROD_BP,MIO_EUR,EU28,2012,58758.55,
ESTAT:AACT_EAA01$DEFAULTVIEW(1.0),09/04/21 23:00:00,A,01000,PROD_BP,MIO_EUR,EU28,2013,55601.92,
ESTAT:AACT_EAA01$DEFAULTVIEW(1.0),09/04/21 23:00:00,A,01000,PROD_BP,MIO_EUR,EU28,2014,52404.31,
ESTAT:AACT_EAA01$DEFAULTVIEW(1.0),09/04/21 23:00:00,A,01000,PROD_BP,MIO_EUR,EU28,2015,50057.18,
ESTAT:AACT_EAA01$DEFAULTVIEW(1.0),09/04/21 23:00:00,A,01000,PROD_BP,MIO_EUR,EU28,2016,43443.08,
ESTAT:AACT_EAA01$DEFAULTVIEW(1.0),09/04/21 23:00:00,A,01000,PROD_BP,MIO_EUR,EU28,2017,46487.37,
ESTAT:AACT_EAA01$DEFAULTVIEW(1.0),09/04/21 23:00:00,A,01000,PROD_BP,MIO_EUR,EU28,2018,48988.97,
ESTAT:AACT_EAA01$DEFAULTVIEW(1.0),09/04/21 23:00:00,A,01000,PROD_BP,MIO_EUR,EU28,2019,51594.01,
ESTAT:AACT_EAA01$DEFAULTVIEW(1.0),09/04/21 23:00:00,A,01000,PROD_BP,MIO_EUR,FI,2011,601.77,
ESTAT:AACT_EAA01$DEFAULTVIEW(1.0),09/04/21 23:00:00,A,01000,PROD_BP,MIO_EUR,FI,2012,665.96,
ESTAT:AACT_EAA01$DEFAULTVIEW(1.0),09/04/21 23:00:00,A,01000,PROD_BP,MIO_EUR,FI,2013,703.70,
ESTAT:AACT_EAA01$DEFAULTVIEW(1.0),09/04/21 23:00:00,A,01000,PROD_BP,MIO_EUR,FI,2014,543.32,
ESTAT:AACT_EAA01$DEFAULTVIEW(1.0),09/04/21 23:00:00,A,01000,PROD_BP,MIO_EUR,FI,2015,491.85,
ESTAT:AACT_EAA01$DEFAULTVIEW(1.0),09/04/21 23:00:00,A,01000,PROD_BP,MIO_EUR,FI,2016,446.44,
ESTAT:AACT_EAA01$DEFAULTVIEW(1.0),09/04/21 23:00:00,A,01000,PROD_BP,MIO_EUR,FI,2017,447.14,
ESTAT:AACT_EAA01$DEFAULTVIEW(1.0),09/04/21 23:00:00,A,01000,PROD_BP,MIO_EUR,FI,2018,443.33,
ESTAT:AACT_EAA01$DEFAULTVIEW(1.0),09/04/21 23:00:00,A,01000,PROD_BP,MIO_EUR,FI,2019,652.18,
ESTAT:AACT_EAA01$DEFAULTVIEW(1.0),09/04/21 23:00:00,A,01000,PROD_BP,MIO_EUR,FI,2020,468.14,e
ESTAT:AACT_EAA01$DEFAULTVIEW(1.0),09/04/21 23:00:00,A,01000,PROD_BP,MIO_EUR,FR,2011,12037.10,
ESTAT:AACT_EAA01$DEFAULTVIEW(1.0),09/04/21 23:00:00,A,01000,PROD_BP,MIO_EUR,FR,2012,14639.30,
ESTAT:AACT_EAA01$DEFAULTVIEW(1.0),09/04/21 23:00:00,A,01000,PROD_BP,MIO_EUR,FR,2013,11852.50,
ESTAT:AACT_EAA01$DEFAULTVIEW(1.0),09/04/21 23:00:00,A,01000,PROD_BP,MIO_EUR,FR,2014,11206.60,
ESTAT:AACT_EAA01$DEFAULTVIEW(1.0),09/04/21 23:00:00,A,01000,PROD_BP,MIO_EUR,FR,2015,11220.90,
ESTAT:AACT_EAA01$DEFAULTVIEW(1.0),09/04/21 23:00:00,A,01000,PROD_BP,MIO_EUR,FR,2016,8003.17,
ESTAT:AACT_EAA01$DEFAULTVIEW(1.0),09/04/21 23:00:00,A,01000,PROD_BP,MIO_EUR,FR,2017,9846.95,
ESTAT:AACT_EAA01$DEFAULTVIEW(1.0),09/04/21 23:00:00,A,01000,PROD_BP,MIO_EUR,FR,2018,10763.15,
ESTAT:AACT_EAA01$DEFAULTVIEW(1.0),09/04/21 23:00:00,A,01000,PROD_BP,MIO_EUR,FR,2019,10793.12,
ESTAT:AACT_EAA01$DEFAULTVIEW(1.0),09/04/21 23:00:00,A,01000,PROD_BP,MIO_EUR,FR,2020,9484.14,e
ESTAT:AACT_EAA01$DEFAULTVIEW(1.0),09/04/21 23:00:00,A,01000,PROD_BP,MIO_EUR,HR,2011,625.99,
ESTAT:AACT_EAA01$DEFAULTVIEW(1.0),09/04/21 23:00:00,A,01000,PROD_BP,MIO_EUR,HR,2012,653.97,
ESTAT:AACT_EAA01$DEFAULTVIEW(1.0),09/04/21 23:00:00,A,01000,PROD_BP,MIO_EUR,HR,2013,448.45,
ESTAT:AACT_EAA01$DEFAULTVIEW(1.0),09/04/21 23:00:00,A,01000,PROD_BP,MIO_EUR,HR,2014,375.81,
ESTAT:AACT_EAA01$DEFAULTVIEW(1.0),09/04/21 23:00:00,A,01000,PROD_BP,MIO_EUR,HR,2015,315.34,
ESTAT:AACT_EAA01$DEFAULTVIEW(1.0),09/04/21 23:00:00,A,01000,PROD_BP,MIO_EUR,HR,2016,365.05,
ESTAT:AACT_EAA01$DEFAULTVIEW(1.0),09/04/21 23:00:00,A,01000,PROD_BP,MIO_EUR,HR,2017,323.85,
ESTAT:AACT_EAA01$DEFAULTVIEW(1.0),09/04/21 23:00:00,A,01000,PROD_BP,MIO_EUR,HR,2018,399.05,
ESTAT:AACT_EAA01$DEFAULTVIEW(1.0),09/04/21 23:00:00,A,01000,PROD_BP,MIO_EUR,HR,2019,393.12,
ESTAT:AACT_EAA01$DEFAULTVIEW(1.0),09/04/21 23:00:00,A,01000,PROD_BP,MIO_EUR,HR,2020,406.38,e
ESTAT:AACT_EAA01$DEFAULTVIEW(1.0),09/04/21 23:00:00,A,01000,PROD_BP,MIO_EUR,HU,2011,2388.27,
ESTAT:AACT_EAA01$DEFAULTVIEW(1.0),09/04/21 23:00:00,A,01000,PROD_BP,MIO_EUR,HU,2012,2105.54,
ESTAT:AACT_EAA01$DEFAULTVIEW(1.0),09/04/21 23:00:00,A,01000,PROD_BP,MIO_EUR,HU,2013,2250.42,
ESTAT:AACT_EAA01$DEFAULTVIEW(1.0),09/04/21 23:00:00,A,01000,PROD_BP,MIO_EUR,HU,2014,2374.99,
ESTAT:AACT_EAA01$DEFAULTVIEW(1.0),09/04/21 23:00:00,A,01000,PROD_BP,MIO_EUR,HU,2015,2067.64,
ESTAT:AACT_EAA01$DEFAULTVIEW(1.0),09/04/21 23:00:00,A,01000,PROD_BP,MIO_EUR,HU,2016,2223.54,
ESTAT:AACT_EAA01$DEFAULTVIEW(1.0),09/04/21 23:00:00,A,01000,PROD_BP,MIO_EUR,HU,2017,1998.53,
ESTAT:AACT_EAA01$DEFAULTVIEW(1.0),09/04/21 23:00:00,A,01000,PROD_BP,MIO_EUR,HU,2018,2238.24,
ESTAT:AACT_EAA01$DEFAULTVIEW(1.0),09/04/21 23:00:00,A,01000,PROD_BP,MIO_EUR,HU,2019,2300.71,
ESTAT:AACT_EAA01$DEFAULTVIEW(1.0),09/04/21 23:00:00,A,01000,PROD_BP,MIO_EUR,HU,2020,2272.99,e
ESTAT:AACT_EAA01$DEFAULTVIEW(1.0),09/04/21 23:00:00,A,01000,PROD_BP,MIO_EUR,IE,2011,389.71,
ESTAT:AACT_EAA01$DEFAULTVIEW(1.0),09/04/21 23:00:00,A,01000,PROD_BP,MIO_EUR,IE,2012,419.26,
ESTAT:AACT_EAA01$DEFAULTVIEW(1.0),09/04/21 23:00:00,A,01000,PROD_BP,MIO_EUR,IE,2013,379.08,
ESTAT:AACT_EAA01$DEFAULTVIEW(1.0),09/04/21 23:00:00,A,01000,PROD_BP,MIO_EUR,IE,2014,372.72,
ESTAT:AACT_EAA01$DEFAULTVIEW(1.0),09/04/21 23:00:00,A,01000,PROD_BP,MIO_EUR,IE,2015,380.93,
ESTAT:AACT_EAA01$DEFAULTVIEW(1.0),09/04/21 23:00:00,A,01000,PROD_BP,MIO_EUR,IE,2016,304.81,
ESTAT:AACT_EAA01$DEFAULTVIEW(1.0),09/04/21 23:00:00,A,01000,PROD_BP,MIO_EUR,IE,2017,325.07,
ESTAT:AACT_EAA01$DEFAULTVIEW(1.0),09/04/21 23:00:00,A,01000,PROD_BP,MIO_EUR,IE,2018,361.72,
ESTAT:AACT_EAA01$DEFAULTVIEW(1.0),09/04/21 23:00:00,A,01000,PROD_BP,MIO_EUR,IE,2019,365.24,
ESTAT:AACT_EAA01$DEFAULTVIEW(1.0),09/04/21 23:00:00,A,01000,PROD_BP,MIO_EUR,IE,2020,306.04,e
ESTAT:AACT_EAA01$DEFAULTVIEW(1.0),09/04/21 23:00:00,A,01000,PROD_BP,MIO_EUR,IS,2011,3.93,
ESTAT:AACT_EAA01$DEFAULTVIEW(1.0),09/04/21 23:00:00,A,01000,PROD_BP,MIO_EUR,IS,2012,6.29,
ESTAT:AACT_EAA01$DEFAULTVIEW(1.0),09/04/21 23:00:00,A,01000,PROD_BP,MIO_EUR,IS,2013,4.70,
ESTAT:AACT_EAA01$DEFAULTVIEW(1.0),09/04/21 23:00:00,A,01000,PROD_BP,MIO_EUR,IS,2014,5.69,
ESTAT:AACT_EAA01$DEFAULTVIEW(1.0),09/04/21 23:00:00,A,01000,PROD_BP,MIO_EUR,IS,2015,3.25,
ESTAT:AACT_EAA01$DEFAULTVIEW(1.0),09/04/21 23:00:00,A,01000,PROD_BP,MIO_EUR,IS,2016,2.13,
ESTAT:AACT_EAA01$DEFAULTVIEW(1.0),09/04/21 23:00:00,A,01000,PROD_BP,MIO_EUR,IS,2017,2.99,
ESTAT:AACT_EAA01$DEFAULTVIEW(1.0),09/04/21 23:00:00,A,01000,PROD_BP,MIO_EUR,IS,2018,1.99,
ESTAT:AACT_EAA01$DEFAULTVIEW(1.0),09/04/21 23:00:00,A,01000,PROD_BP,MIO_EUR,IS,2019,3.50,e
ESTAT:AACT_EAA01$DEFAULTVIEW(1.0),09/04/21 23:00:00,A,01000,PROD_BP,MIO_EUR,IT,2011,5133.69,
ESTAT:AACT_EAA01$DEFAULTVIEW(1.0),09/04/21 23:00:00,A,01000,PROD_BP,MIO_EUR,IT,2012,4728.59,
ESTAT:AACT_EAA01$DEFAULTVIEW(1.0),09/04/21 23:00:00,A,01000,PROD_BP,MIO_EUR,IT,2013,4550.69,
ESTAT:AACT_EAA01$DEFAULTVIEW(1.0),09/04/21 23:00:00,A,01000,PROD_BP,MIO_EUR,IT,2014,4563.47,
ESTAT:AACT_EAA01$DEFAULTVIEW(1.0),09/04/21 23:00:00,A,01000,PROD_BP,MIO_EUR,IT,2015,4227.63,
ESTAT:AACT_EAA01$DEFAULTVIEW(1.0),09/04/21 23:00:00,A,01000,PROD_BP,MIO_EUR,IT,2016,4034.01,
ESTAT:AACT_EAA01$DEFAULTVIEW(1.0),09/04/21 23:00:00,A,01000,PROD_BP,MIO_EUR,IT,2017,3500.59,
ESTAT:AACT_EAA01$DEFAULTVIEW(1.0),09/04/21 23:00:00,A,01000,PROD_BP,MIO_EUR,IT,2018,3680.16,
ESTAT:AACT_EAA01$DEFAULTVIEW(1.0),09/04/21 23:00:00,A,01000,PROD_BP,MIO_EUR,IT,2019,3679.35,
ESTAT:AACT_EAA01$DEFAULTVIEW(1.0),09/04/21 23:00:00,A,01000,PROD_BP,MIO_EUR,IT,2020,3904.71,e
ESTAT:AACT_EAA01$DEFAULTVIEW(1.0),09/04/21 23:00:00,A,01000,PROD_BP,MIO_EUR,LT,2011,686.87,
ESTAT:AACT_EAA01$DEFAULTVIEW(1.0),09/04/21 23:00:00,A,01000,PROD_BP,MIO_EUR,LT,2012,1031.79,
ESTAT:AACT_EAA01$DEFAULTVIEW(1.0),09/04/21 23:00:00,A,01000,PROD_BP,MIO_EUR,LT,2013,878.41,
ESTAT:AACT_EAA01$DEFAULTVIEW(1.0),09/04/21 23:00:00,A,01000,PROD_BP,MIO_EUR,LT,2014,863.23,
ESTAT:AACT_EAA01$DEFAULTVIEW(1.0),09/04/21 23:00:00,A,01000,PROD_BP,MIO_EUR,LT,2015,1052.61,
ESTAT:AACT_EAA01$DEFAULTVIEW(1.0),09/04/21 23:00:00,A,01000,PROD_BP,MIO_EUR,LT,2016,811.08,
ESTAT:AACT_EAA01$DEFAULTVIEW(1.0),09/04/21 23:00:00,A,01000,PROD_BP,MIO_EUR,LT,2017,881.40,
ESTAT:AACT_EAA01$DEFAULTVIEW(1.0),09/04/21 23:00:00,A,01000,PROD_BP,MIO_EUR,LT,2018,813.06,
ESTAT:AACT_EAA01$DEFAULTVIEW(1.0),09/04/21 23:00:00,A,01000,PROD_BP,MIO_EUR,LT,2019,966.86,
ESTAT:AACT_EAA01$DEFAULTVIEW(1.0),09/04/21 23:00:00,A,01000,PROD_BP,MIO_EUR,LT,2020,1198.05,e
ESTAT:AACT_EAA01$DEFAULTVIEW(1.0),09/04/21 23:00:00,A,01000,PROD_BP,MIO_EUR,LU,2011,26.36,
ESTAT:AACT_EAA01$DEFAULTVIEW(1.0),09/04/21 23:00:00,A,01000,PROD_BP,MIO_EUR,LU,2012,31.92,
ESTAT:AACT_EAA01$DEFAULTVIEW(1.0),09/04/21 23:00:00,A,01000,PROD_BP,MIO_EUR,LU,2013,29.35,
ESTAT:AACT_EAA01$DEFAULTVIEW(1.0),09/04/21 23:00:00,A,01000,PROD_BP,MIO_EUR,LU,2014,23.19,
ESTAT:AACT_EAA01$DEFAULTVIEW(1.0),09/04/21 23:00:00,A,01000,PROD_BP,MIO_EUR,LU,2015,26.71,
ESTAT:AACT_EAA01$DEFAULTVIEW(1.0),09/04/21 23:00:00,A,01000,PROD_BP,MIO_EUR,LU,2016,18.27,
ESTAT:AACT_EAA01$DEFAULTVIEW(1.0),09/04/21 23:00:00,A,01000,PROD_BP,MIO_EUR,LU,2017,21.31,
ESTAT:AACT_EAA01$DEFAULTVIEW(1.0),09/04/21 23:00:00,A,01000,PROD_BP,MIO_EUR,LU,2018,26.18,
ESTAT:AACT_EAA01$DEFAULTVIEW(1.0),09/04/21 23:00:00,A,01000,PROD_BP,MIO_EUR,LU,2019,24.01,
ESTAT:AACT_EAA01$DEFAULTVIEW(1.0),09/04/21 23:00:00,A,01000,PROD_BP,MIO_EUR,LU,2020,22.85,e
ESTAT:AACT_EAA01$DEFAULTVIEW(1.0),09/04/21 23:00:00,A,01000,PROD_BP,MIO_EUR,LV,2011,234.49,
ESTAT:AACT_EAA01$DEFAULTVIEW(1.0),09/04/21 23:00:00,A,01000,PROD_BP,MIO_EUR,LV,2012,387.16,
ESTAT:AACT_EAA01$DEFAULTVIEW(1.0),09/04/21 23:00:00,A,01000,PROD_BP,MIO_EUR,LV,2013,321.44,
ESTAT:AACT_EAA01$DEFAULTVIEW(1.0),09/04/21 23:00:00,A,01000,PROD_BP,MIO_EUR,LV,2014,310.55,
ESTAT:AACT_EAA01$DEFAULTVIEW(1.0),09/04/21 23:00:00,A,01000,PROD_BP,MIO_EUR,LV,2015,415.11,
ESTAT:AACT_EAA01$DEFAULTVIEW(1.0),09/04/21 23:00:00,A,01000,PROD_BP,MIO_EUR,LV,2016,359.77,
ESTAT:AACT_EAA01$DEFAULTVIEW(1.0),09/04/21 23:00:00,A,01000,PROD_BP,MIO_EUR,LV,2017,376.76,
ESTAT:AACT_EAA01$DEFAULTVIEW(1.0),09/04/21 23:00:00,A,01000,PROD_BP,MIO_EUR,LV,2018,353.48,
ESTAT:AACT_EAA01$DEFAULTVIEW(1.0),09/04/21 23:00:00,A,01000,PROD_BP,MIO_EUR,LV,2019,504.43,
ESTAT:AACT_EAA01$DEFAULTVIEW(1.0),09/04/21 23:00:00,A,01000,PROD_BP,MIO_EUR,LV,2020,587.29,e
ESTAT:AACT_EAA01$DEFAULTVIEW(1.0),09/04/21 23:00:00,A,01000,PROD_BP,MIO_EUR,MT,2011,0.00,
ESTAT:AACT_EAA01$DEFAULTVIEW(1.0),09/04/21 23:00:00,A,01000,PROD_BP,MIO_EUR,MT,2012,0.00,
ESTAT:AACT_EAA01$DEFAULTVIEW(1.0),09/04/21 23:00:00,A,01000,PROD_BP,MIO_EUR,MT,2013,0.00,
ESTAT:AACT_EAA01$DEFAULTVIEW(1.0),09/04/21 23:00:00,A,01000,PROD_BP,MIO_EUR,MT,2014,0.00,
ESTAT:AACT_EAA01$DEFAULTVIEW(1.0),09/04/21 23:00:00,A,01000,PROD_BP,MIO_EUR,MT,2015,0.00,
ESTAT:AACT_EAA01$DEFAULTVIEW(1.0),09/04/21 23:00:00,A,01000,PROD_BP,MIO_EUR,MT,2016,0.00,
ESTAT:AACT_EAA01$DEFAULTVIEW(1.0),09/04/21 23:00:00,A,01000,PROD_BP,MIO_EUR,MT,2017,0.00,
ESTAT:AACT_EAA01$DEFAULTVIEW(1.0),09/04/21 23:00:00,A,01000,PROD_BP,MIO_EUR,MT,2018,0.00,
ESTAT:AACT_EAA01$DEFAULTVIEW(1.0),09/04/21 23:00:00,A,01000,PROD_BP,MIO_EUR,MT,2019,0.00,
ESTAT:AACT_EAA01$DEFAULTVIEW(1.0),09/04/21 23:00:00,A,01000,PROD_BP,MIO_EUR,MT,2020,0.00,e
ESTAT:AACT_EAA01$DEFAULTVIEW(1.0),09/04/21 23:00:00,A,01000,PROD_BP,MIO_EUR,NL,2011,366.64,
ESTAT:AACT_EAA01$DEFAULTVIEW(1.0),09/04/21 23:00:00,A,01000,PROD_BP,MIO_EUR,NL,2012,519.07,
ESTAT:AACT_EAA01$DEFAULTVIEW(1.0),09/04/21 23:00:00,A,01000,PROD_BP,MIO_EUR,NL,2013,404.17,
ESTAT:AACT_EAA01$DEFAULTVIEW(1.0),09/04/21 23:00:00,A,01000,PROD_BP,MIO_EUR,NL,2014,325.00,
ESTAT:AACT_EAA01$DEFAULTVIEW(1.0),09/04/21 23:00:00,A,01000,PROD_BP,MIO_EUR,NL,2015,340.40,
ESTAT:AACT_EAA01$DEFAULTVIEW(1.0),09/04/21 23:00:00,A,01000,PROD_BP,MIO_EUR,NL,2016,267.55,
ESTAT:AACT_EAA01$DEFAULTVIEW(1.0),09/04/21 23:00:00,A,01000,PROD_BP,MIO_EUR,NL,2017,277.58,
ESTAT:AACT_EAA01$DEFAULTVIEW(1.0),09/04/21 23:00:00,A,01000,PROD_BP,MIO_EUR,NL,2018,338.56,
ESTAT:AACT_EAA01$DEFAULTVIEW(1.0),09/04/21 23:00:00,A,01000,PROD_BP,MIO_EUR,NL,2019,323.23,
ESTAT:AACT_EAA01$DEFAULTVIEW(1.0),09/04/21 23:00:00,A,01000,PROD_BP,MIO_EUR,NL,2020,335.92,e
ESTAT:AACT_EAA01$DEFAULTVIEW(1.0),09/04/21 23:00:00,A,01000,PROD_BP,MIO_EUR,NO,2011,357.84,
ESTAT:AACT_EAA01$DEFAULTVIEW(1.0),09/04/21 23:00:00,A,01000,PROD_BP,MIO_EUR,NO,2012,410.74,
ESTAT:AACT_EAA01$DEFAULTVIEW(1.0),09/04/21 23:00:00,A,01000,PROD_BP,MIO_EUR,NO,2013,368.00,
ESTAT:AACT_EAA01$DEFAULTVIEW(1.0),09/04/21 23:00:00,A,01000,PROD_BP,MIO_EUR,NO,2014,430.86,
ESTAT:AACT_EAA01$DEFAULTVIEW(1.0),09/04/21 23:00:00,A,01000,PROD_BP,MIO_EUR,NO,2015,452.82,
ESTAT:AACT_EAA01$DEFAULTVIEW(1.0),09/04/21 23:00:00,A,01000,PROD_BP,MIO_EUR,NO,2016,434.10,
ESTAT:AACT_EAA01$DEFAULTVIEW(1.0),09/04/21 23:00:00,A,01000,PROD_BP,MIO_EUR,NO,2017,438.52,
ESTAT:AACT_EAA01$DEFAULTVIEW(1.0),09/04/21 23:00:00,A,01000,PROD_BP,MIO_EUR,NO,2018,269.06,
ESTAT:AACT_EAA01$DEFAULTVIEW(1.0),09/04/21 23:00:00,A,01000,PROD_BP,MIO_EUR,NO,2019,453.17,
ESTAT:AACT_EAA01$DEFAULTVIEW(1.0),09/04/21 23:00:00,A,01000,PROD_BP,MIO_EUR,NO,2020,417.51,e
ESTAT:AACT_EAA01$DEFAULTVIEW(1.0),09/04/21 23:00:00,A,01000,PROD_BP,MIO_EUR,PL,2011,4717.27,
ESTAT:AACT_EAA01$DEFAULTVIEW(1.0),09/04/21 23:00:00,A,01000,PROD_BP,MIO_EUR,PL,2012,5070.93,
ESTAT:AACT_EAA01$DEFAULTVIEW(1.0),09/04/21 23:00:00,A,01000,PROD_BP,MIO_EUR,PL,2013,4361.35,
ESTAT:AACT_EAA01$DEFAULTVIEW(1.0),09/04/21 23:00:00,A,01000,PROD_BP,MIO_EUR,PL,2014,4107.91,
ESTAT:AACT_EAA01$DEFAULTVIEW(1.0),09/04/21 23:00:00,A,01000,PROD_BP,MIO_EUR,PL,2015,3545.09,
ESTAT:AACT_EAA01$DEFAULTVIEW(1.0),09/04/21 23:00:00,A,01000,PROD_BP,MIO_EUR,PL,2016,3530.89,
ESTAT:AACT_EAA01$DEFAULTVIEW(1.0),09/04/21 23:00:00,A,01000,PROD_BP,MIO_EUR,PL,2017,4031.34,
ESTAT:AACT_EAA01$DEFAULTVIEW(1.0),09/04/21 23:00:00,A,01000,PROD_BP,MIO_EUR,PL,2018,3660.41,
ESTAT:AACT_EAA01$DEFAULTVIEW(1.0),09/04/21 23:00:00,A,01000,PROD_BP,MIO_EUR,PL,2019,3959.36,
ESTAT:AACT_EAA01$DEFAULTVIEW(1.0),09/04/21 23:00:00,A,01000,PROD_BP,MIO_EUR,PL,2020,4430.61,e
ESTAT:AACT_EAA01$DEFAULTVIEW(1.0),09/04/21 23:00:00,A,01000,PROD_BP,MIO_EUR,PT,2011,291.47,
ESTAT:AACT_EAA01$DEFAULTVIEW(1.0),09/04/21 23:00:00,A,01000,PROD_BP,MIO_EUR,PT,2012,329.30,
ESTAT:AACT_EAA01$DEFAULTVIEW(1.0),09/04/21 23:00:00,A,01000,PROD_BP,MIO_EUR,PT,2013,289.74,
ESTAT:AACT_EAA01$DEFAULTVIEW(1.0),09/04/21 23:00:00,A,01000,PROD_BP,MIO_EUR,PT,2014,279.18,
ESTAT:AACT_EAA01$DEFAULTVIEW(1.0),09/04/21 23:00:00,A,01000,PROD_BP,MIO_EUR,PT,2015,277.13,
ESTAT:AACT_EAA01$DEFAULTVIEW(1.0),09/04/21 23:00:00,A,01000,PROD_BP,MIO_EUR,PT,2016,247.65,
ESTAT:AACT_EAA01$DEFAULTVIEW(1.0),09/04/21 23:00:00,A,01000,PROD_BP,MIO_EUR,PT,2017,235.65,
ESTAT:AACT_EAA01$DEFAULTVIEW(1.0),09/04/21 23:00:00,A,01000,PROD_BP,MIO_EUR,PT,2018,241.69,
ESTAT:AACT_EAA01$DEFAULTVIEW(1.0),09/04/21 23:00:00,A,01000,PROD_BP,MIO_EUR,PT,2019,240.92,
ESTAT:AACT_EAA01$DEFAULTVIEW(1.0),09/04/21 23:00:00,A,01000,PROD_BP,MIO_EUR,PT,2020,233.86,e
ESTAT:AACT_EAA01$DEFAULTVIEW(1.0),09/04/21 23:00:00,A,01000,PROD_BP,MIO_EUR,RO,2011,4655.20,
ESTAT:AACT_EAA01$DEFAULTVIEW(1.0),09/04/21 23:00:00,A,01000,PROD_BP,MIO_EUR,RO,2012,2807.10,
ESTAT:AACT_EAA01$DEFAULTVIEW(1.0),09/04/21 23:00:00,A,01000,PROD_BP,MIO_EUR,RO,2013,4500.89,
ESTAT:AACT_EAA01$DEFAULTVIEW(1.0),09/04/21 23:00:00,A,01000,PROD_BP,MIO_EUR,RO,2014,3852.86,
ESTAT:AACT_EAA01$DEFAULTVIEW(1.0),09/04/21 23:00:00,A,01000,PROD_BP,MIO_EUR,RO,2015,3316.34,
ESTAT:AACT_EAA01$DEFAULTVIEW(1.0),09/04/21 23:00:00,A,01000,PROD_BP,MIO_EUR,RO,2016,3448.48,
ESTAT:AACT_EAA01$DEFAULTVIEW(1.0),09/04/21 23:00:00,A,01000,PROD_BP,MIO_EUR,RO,2017,4054.52,
ESTAT:AACT_EAA01$DEFAULTVIEW(1.0),09/04/21 23:00:00,A,01000,PROD_BP,MIO_EUR,RO,2018,4877.45,
ESTAT:AACT_EAA01$DEFAULTVIEW(1.0),09/04/21 23:00:00,A,01000,PROD_BP,MIO_EUR,RO,2019,4764.68,
ESTAT:AACT_EAA01$DEFAULTVIEW(1.0),09/04/21 23:00:00,A,01000,PROD_BP,MIO_EUR,RO,2020,3207.44,e
ESTAT:AACT_EAA01$DEFAULTVIEW(1.0),09/04/21 23:00:00,A,01000,PROD_BP,MIO_EUR,SE,2011,791.98,
ESTAT:AACT_EAA01$DEFAULTVIEW(1.0),09/04/21 23:00:00,A,01000,PROD_BP,MIO_EUR,SE,2012,971.59,
ESTAT:AACT_EAA01$DEFAULTVIEW(1.0),09/04/21 23:00:00,A,01000,PROD_BP,MIO_EUR,SE,2013,757.95,
ESTAT:AACT_EAA01$DEFAULTVIEW(1.0),09/04/21 23:00:00,A,01000,PROD_BP,MIO_EUR,SE,2014,800.76,
ESTAT:AACT_EAA01$DEFAULTVIEW(1.0),09/04/21 23:00:00,A,01000,PROD_BP,MIO_EUR,SE,2015,756.03,
ESTAT:AACT_EAA01$DEFAULTVIEW(1.0),09/04/21 23:00:00,A,01000,PROD_BP,MIO_EUR,SE,2016,695.80,
ESTAT:AACT_EAA01$DEFAULTVIEW(1.0),09/04/21 23:00:00,A,01000,PROD_BP,MIO_EUR,SE,2017,755.35,
ESTAT:AACT_EAA01$DEFAULTVIEW(1.0),09/04/21 23:00:00,A,01000,PROD_BP,MIO_EUR,SE,2018,577.17,
ESTAT:AACT_EAA01$DEFAULTVIEW(1.0),09/04/21 23:00:00,A,01000,PROD_BP,MIO_EUR,SE,2019,775.69,
ESTAT:AACT_EAA01$DEFAULTVIEW(1.0),09/04/21 23:00:00,A,01000,PROD_BP,MIO_EUR,SE,2020,821.63,e
ESTAT:AACT_EAA01$DEFAULTVIEW(1.0),09/04/21 23:00:00,A,01000,PROD_BP,MIO_EUR,SI,2011,105.63,
ESTAT:AACT_EAA01$DEFAULTVIEW(1.0),09/04/21 23:00:00,A,01000,PROD_BP,MIO_EUR,SI,2012,109.00,
ESTAT:AACT_EAA01$DEFAULTVIEW(1.0),09/04/21 23:00:00,A,01000,PROD_BP,MIO_EUR,SI,2013,77.30,
ESTAT:AACT_EAA01$DEFAULTVIEW(1.0),09/04/21 23:00:00,A,01000,PROD_BP,MIO_EUR,SI,2014,90.95,
ESTAT:AACT_EAA01$DEFAULTVIEW(1.0),09/04/21 23:00:00,A,01000,PROD_BP,MIO_EUR,SI,2015,87.01,
ESTAT:AACT_EAA01$DEFAULTVIEW(1.0),09/04/21 23:00:00,A,01000,PROD_BP,MIO_EUR,SI,2016,82.79,
ESTAT:AACT_EAA01$DEFAULTVIEW(1.0),09/04/21 23:00:00,A,01000,PROD_BP,MIO_EUR,SI,2017,75.83,
ESTAT:AACT_EAA01$DEFAULTVIEW(1.0),09/04/21 23:00:00,A,01000,PROD_BP,MIO_EUR,SI,2018,85.79,
ESTAT:AACT_EAA01$DEFAULTVIEW(1.0),09/04/21 23:00:00,A,01000,PROD_BP,MIO_EUR,SI,2019,84.76,
ESTAT:AACT_EAA01$DEFAULTVIEW(1.0),09/04/21 23:00:00,A,01000,PROD_BP,MIO_EUR,SI,2020,95.74,e
ESTAT:AACT_EAA01$DEFAULTVIEW(1.0),09/04/21 23:00:00,A,01000,PROD_BP,MIO_EUR,SK,2011,580.49,
ESTAT:AACT_EAA01$DEFAULTVIEW(1.0),09/04/21 23:00:00,A,01000,PROD_BP,MIO_EUR,SK,2012,594.15,
ESTAT:AACT_EAA01$DEFAULTVIEW(1.0),09/04/21 23:00:00,A,01000,PROD_BP,MIO_EUR,SK,2013,568.01,
ESTAT:AACT_EAA01$DEFAULTVIEW(1.0),09/04/21 23:00:00,A,01000,PROD_BP,MIO_EUR,SK,2014,614.85,
ESTAT:AACT_EAA01$DEFAULTVIEW(1.0),09/04/21 23:00:00,A,01000,PROD_BP,MIO_EUR,SK,2015,568.71,
ESTAT:AACT_EAA01$DEFAULTVIEW(1.0),09/04/21 23:00:00,A,01000,PROD_BP,MIO_EUR,SK,2016,618.38,
ESTAT:AACT_EAA01$DEFAULTVIEW(1.0),09/04/21 23:00:00,A,01000,PROD_BP,MIO_EUR,SK,2017,450.25,
ESTAT:AACT_EAA01$DEFAULTVIEW(1.0),09/04/21 23:00:00,A,01000,PROD_BP,MIO_EUR,SK,2018,575.64,
ESTAT:AACT_EAA01$DEFAULTVIEW(1.0),09/04/21 23:00:00,A,01000,PROD_BP,MIO_EUR,SK,2019,583.05,
ESTAT:AACT_EAA01$DEFAULTVIEW(1.0),09/04/21 23:00:00,A,01000,PROD_BP,MIO_EUR,SK,2020,613.86,e
ESTAT:AACT_EAA01$DEFAULTVIEW(1.0),09/04/21 23:00:00,A,01000,PROD_BP,MIO_EUR,UK,2011,3721.82,
ESTAT:AACT_EAA01$DEFAULTVIEW(1.0),09/04/21 23:00:00,A,01000,PROD_BP,MIO_EUR,UK,2012,3947.35,
ESTAT:AACT_EAA01$DEFAULTVIEW(1.0),09/04/21 23:00:00,A,01000,PROD_BP,MIO_EUR,UK,2013,3962.17,
ESTAT:AACT_EAA01$DEFAULTVIEW(1.0),09/04/21 23:00:00,A,01000,PROD_BP,MIO_EUR,UK,2014,4265.67,
ESTAT:AACT_EAA01$DEFAULTVIEW(1.0),09/04/21 23:00:00,A,01000,PROD_BP,MIO_EUR,UK,2015,3929.88,
ESTAT:AACT_EAA01$DEFAULTVIEW(1.0),09/04/21 23:00:00,A,01000,PROD_BP,MIO_EUR,UK,2016,3041.62,
ESTAT:AACT_EAA01$DEFAULTVIEW(1.0),09/04/21 23:00:00,A,01000,PROD_BP,MIO_EUR,UK,2017,3524.67,
ESTAT:AACT_EAA01$DEFAULTVIEW(1.0),09/04/21 23:00:00,A,01000,PROD_BP,MIO_EUR,UK,2018,3675.30,
ESTAT:AACT_EAA01$DEFAULTVIEW(1.0),09/04/21 23:00:00,A,01000,PROD_BP,MIO_EUR,UK,2019,4177.58,
ESTAT:AACT_EAA01$DEFAULTVIEW(1.0),09/04/21 23:00:00,A,01000,PROD_BP,MIO_EUR,UK,2020,3229.12,e
